den,datum,orp_kod,orp_nazev,incidence_7,incidence_65_7,incidence_75_7,prevalence,prevalence_65,prevalence_75,aktualni_pocet_hospitalizovanych_osob,nove_hosp_7,testy_7,code,name,population,population_65,code_region,name_region,code_cz,name_cz,value_1,score_1,value_2,score_2,value_3,score_3,value_4,score_4,value_5,score_5,value_6,score_6,value_7,score_7,score
pondělí,2020-12-21,1000,Praha,5379,690,284,6432,886,407,470,282,26891,1000,Praha,1324277,251166,CZ010,Praha,CZ,ČR,651.600835776805,16,True,0,490.1141078012151,16,True,2,20.002974973039304,20,True,2,1.4147816938453446,20,76
pondělí,2020-12-21,2101,Benešov,298,57,28,393,86,40,31,23,1064,2101,Benešov,61022,12125,CZ020,Středočeský kraj,CZ,ČR,942.2831110091442,16,True,0,849.4845360824743,16,True,2,28.007518796992482,30,False,0,1.075812274368231,10,74
pondělí,2020-12-21,2102,Beroun,251,30,14,303,34,14,13,12,1035,2102,Beroun,64927,11392,CZ020,Středočeský kraj,CZ,ČR,640.7195773715096,16,True,0,438.9044943820225,13,True,2,24.2512077294686,25,True,2,1.4101123595505618,20,78
pondělí,2020-12-21,2103,Brandýs n.L.- St.Boleslav,514,46,20,597,56,21,17,12,2244,2103,Brandýs nad Labem-Stará Boleslav,113282,16416,CZ020,Středočeský kraj,CZ,ČR,744.1605903850568,16,True,0,523.8791423001949,16,True,2,22.905525846702318,20,True,2,1.363395225464191,15,71
pondělí,2020-12-21,2104,Čáslav,134,23,6,161,26,7,5,3,402,2104,Čáslav,25663,5212,CZ020,Středočeský kraj,CZ,ČR,1114.4449207029577,20,True,0,1016.8841135840369,20,True,2,33.33333333333333,30,False,0,1.0387596899224807,10,82
pondělí,2020-12-21,2105,Černošice,658,67,22,799,86,31,36,26,3242,2105,Černošice,149338,23399,CZ020,Středočeský kraj,CZ,ČR,739.262612329079,16,True,0,444.46343860848754,13,True,2,20.296113510178902,20,True,2,1.3708333333333333,15,68
pondělí,2020-12-21,2106,Český Brod,70,17,13,81,20,15,6,6,334,2106,Český Brod,21537,3709,CZ020,Středočeský kraj,CZ,ČR,603.6123879834703,16,True,0,754.9204637368563,16,True,2,20.958083832335326,20,False,0,1.0,10,64
pondělí,2020-12-21,2107,Dobříš,96,10,2,123,22,12,4,4,380,2107,Dobříš,23079,4340,CZ020,Středočeský kraj,CZ,ČR,753.9321461068504,16,True,0,483.8709677419355,16,True,2,25.263157894736842,25,True,2,1.1162790697674418,10,71
pondělí,2020-12-21,2108,Hořovice,154,22,8,172,27,9,8,5,450,2108,Hořovice,30131,6103,CZ020,Středočeský kraj,CZ,ČR,879.4928810859249,16,True,0,589.8738325413731,16,True,2,34.22222222222222,30,True,2,1.3628318584070795,15,81
pondělí,2020-12-21,2109,Kladno,558,107,39,735,156,66,42,42,2188,2109,Kladno,125957,24239,CZ020,Středočeský kraj,CZ,ČR,805.0366394880792,16,True,0,771.4839721110608,16,True,2,25.502742230347348,25,True,2,1.116,10,71
pondělí,2020-12-21,2110,Kolín,377,59,31,431,69,35,24,27,1204,2110,Kolín,83500,16849,CZ020,Středočeský kraj,CZ,ČR,795.2095808383233,16,True,0,605.3771737195086,16,True,2,31.31229235880399,30,True,2,1.4067164179104477,20,86
pondělí,2020-12-21,2111,Kralupy nad Vltavou,182,22,10,215,27,13,9,11,660,2111,Kralupy nad Vltavou,32515,5889,CZ020,Středočeský kraj,CZ,ČR,934.9530985698908,16,True,0,815.078960774325,16,True,2,27.575757575757574,30,True,2,1.2380952380952381,15,81
pondělí,2020-12-21,2112,Kutná Hora,240,39,10,307,73,25,32,23,737,2112,Kutná Hora,50165,10703,CZ020,Středočeský kraj,CZ,ČR,871.1252865543705,16,True,0,850.2289077828646,16,True,2,32.56445047489824,30,True,2,1.2,15,81
pondělí,2020-12-21,2113,Lysá nad Labem,112,13,5,132,17,6,5,5,447,2113,Lysá nad Labem,26907,3448,CZ020,Středočeský kraj,CZ,ČR,698.702939755454,16,True,0,580.046403712297,16,True,2,25.05592841163311,25,True,2,1.1666666666666667,10,71
pondělí,2020-12-21,2114,Mělník,218,29,10,252,35,13,13,13,766,2114,Mělník,44600,8655,CZ020,Středočeský kraj,CZ,ČR,878.9237668161434,16,True,0,1039.8613518197574,20,True,2,28.459530026109658,30,False,0,1.0480769230769231,10,78
pondělí,2020-12-21,2115,Mladá Boleslav,479,62,26,613,77,29,20,17,2120,2115,Mladá Boleslav,112464,20603,CZ020,Středočeský kraj,CZ,ČR,800.2560819462228,16,True,0,529.0491675969519,16,True,2,22.59433962264151,20,False,0,1.124413145539906,10,64
pondělí,2020-12-21,2116,Mnichovo Hradiště,120,11,3,142,11,3,7,7,424,2116,Mnichovo Hradiště,17901,3388,CZ020,Středočeský kraj,CZ,ČR,1189.8776604658958,20,True,0,442.7390791027155,13,True,2,28.30188679245283,30,True,2,1.0619469026548674,10,77
pondělí,2020-12-21,2117,Neratovice,151,21,7,167,24,9,10,13,553,2117,Neratovice,32187,5907,CZ020,Středočeský kraj,CZ,ČR,804.6726939447603,16,True,0,846.4533604198408,16,True,2,27.305605786618447,30,True,2,1.0066666666666666,10,76
pondělí,2020-12-21,2118,Nymburk,272,40,17,300,50,21,15,10,705,2118,Nymburk,40183,8167,CZ020,Středočeský kraj,CZ,ČR,1102.4562625986114,20,True,0,1065.2626423411289,20,True,2,38.58156028368794,30,True,2,1.3014354066985645,15,89
pondělí,2020-12-21,2119,Poděbrady,141,19,8,162,27,14,13,10,495,2119,Poděbrady,31382,6883,CZ020,Středočeský kraj,CZ,ČR,729.717672551144,16,True,0,508.4992009298271,16,True,2,28.484848484848484,30,True,2,1.3823529411764706,15,81
pondělí,2020-12-21,2120,Příbram,349,40,12,407,56,19,20,17,1110,2120,Příbram,69951,14592,CZ020,Středočeský kraj,CZ,ČR,886.3347200182985,16,True,0,555.0986842105264,16,True,2,31.44144144144144,30,False,0,1.21602787456446,15,79
pondělí,2020-12-21,2121,Rakovník,191,29,14,253,41,19,20,19,737,2121,Rakovník,55562,11623,CZ020,Středočeský kraj,CZ,ČR,691.1198300997085,16,True,0,421.5779058762798,13,True,2,25.91587516960651,25,False,0,1.0552486187845305,10,66
pondělí,2020-12-21,2122,Říčany,276,36,3,326,43,8,22,10,1224,2122,Říčany,71896,11376,CZ020,Středočeský kraj,CZ,ČR,648.1584510960276,16,True,0,588.9592123769339,16,True,2,22.54901960784314,20,True,2,1.3398058252427185,15,71
pondělí,2020-12-21,2123,Sedlčany,86,10,5,104,20,12,6,2,230,2123,Sedlčany,22074,4717,CZ020,Středočeský kraj,CZ,ČR,679.532481652623,16,True,0,466.3981344074624,13,True,2,37.391304347826086,30,True,2,1.162162162162162,10,73
pondělí,2020-12-21,2124,Slaný,189,28,10,231,42,17,16,15,658,2124,Slaný,40526,7771,CZ020,Středočeský kraj,CZ,ČR,745.2006119528204,16,True,0,669.1545489640973,16,True,2,28.723404255319153,30,True,2,1.5491803278688525,20,86
pondělí,2020-12-21,2125,Vlašim,115,12,6,147,24,14,12,6,342,2125,Vlašim,25947,5665,CZ020,Středočeský kraj,CZ,ČR,909.5463830115235,16,True,0,529.567519858782,16,True,2,33.62573099415205,30,True,2,1.0952380952380953,10,76
pondělí,2020-12-21,2126,Votice,54,8,3,68,13,6,8,3,173,2126,Votice,12445,2654,CZ020,Středočeský kraj,CZ,ČR,859.7830453997589,16,True,0,866.6164280331575,16,True,2,31.213872832369944,30,False,0,1.3846153846153846,15,79
pondělí,2020-12-21,3101,Blatná,68,14,8,73,14,7,8,8,206,3101,Blatná,13668,3093,CZ031,Jihočeský kraj,CZ,ČR,768.2177348551361,16,True,0,711.2835434852893,16,True,2,33.00970873786408,30,True,2,1.3877551020408163,15,81
pondělí,2020-12-21,3102,České Budějovice,455,64,18,532,75,22,36,29,1896,3102,České Budějovice,162553,31763,CZ031,Jihočeský kraj,CZ,ČR,501.99012014542956,16,True,0,402.9846047287725,13,True,2,23.99789029535865,25,False,0,1.260387811634349,15,71
pondělí,2020-12-21,3103,Český Krumlov,103,17,6,118,25,11,8,5,400,3103,Český Krumlov,41687,7954,CZ031,Jihočeský kraj,CZ,ČR,460.57523928322985,13,True,0,402.3133014835303,13,True,2,25.75,25,False,0,1.1573033707865168,10,63
pondělí,2020-12-21,3104,Dačice,26,4,1,28,3,1,1,0,150,3104,Dačice,18783,3961,CZ031,Jihočeský kraj,CZ,ČR,244.9023052760475,13,True,0,201.9691996970462,10,True,2,17.333333333333336,15,True,2,1.0,10,52
pondělí,2020-12-21,3105,Jindřichův Hradec,168,16,9,186,20,11,14,9,560,3105,Jindřichův Hradec,47113,10139,CZ031,Jihočeský kraj,CZ,ČR,702.5661706959862,16,True,0,384.65331886773845,13,True,2,30.0,30,True,2,1.018181818181818,10,73
pondělí,2020-12-21,3106,Kaplice,49,8,2,57,12,3,6,5,144,3106,Kaplice,19869,3447,CZ031,Jihočeský kraj,CZ,ČR,432.8350697065781,13,True,0,406.15027560197274,13,True,2,34.02777777777778,30,True,2,0.98,5,65
pondělí,2020-12-21,3107,Milevsko,46,10,3,54,14,7,3,4,188,3107,Milevsko,18235,4397,CZ031,Jihočeský kraj,CZ,ČR,438.7167534960241,13,False,0,318.39890834659997,13,True,2,24.46808510638298,25,True,2,1.1794871794871795,10,65
pondělí,2020-12-21,3108,Písek,237,46,19,292,72,34,28,16,875,3108,Písek,53352,11354,CZ031,Jihočeský kraj,CZ,ČR,794.7218473534263,16,True,0,775.0572485467676,16,True,2,27.085714285714285,30,True,2,1.2030456852791878,15,81
pondělí,2020-12-21,3109,Prachatice,103,15,8,118,19,10,11,7,336,3109,Prachatice,33458,6497,CZ031,Jihočeský kraj,CZ,ČR,582.8202522565605,16,True,0,446.35985839618286,13,True,2,30.654761904761905,30,True,2,1.2117647058823529,15,78
pondělí,2020-12-21,3110,Soběslav,77,15,8,85,16,6,14,8,311,3110,Soběslav,21947,4860,CZ031,Jihočeský kraj,CZ,ČR,760.9240442885132,16,False,0,720.164609053498,16,True,2,24.758842443729904,25,False,0,0.7777777777777778,0,59
pondělí,2020-12-21,3111,Strakonice,139,14,7,160,16,6,13,9,469,3111,Strakonice,45223,9454,CZ031,Jihočeský kraj,CZ,ČR,532.9146673153042,16,False,0,306.7484662576687,13,True,2,29.637526652452024,30,True,2,1.2522522522522523,15,78
pondělí,2020-12-21,3112,Tábor,243,48,25,279,58,28,45,26,946,3112,Tábor,80648,17257,CZ031,Jihočeský kraj,CZ,ČR,548.0607082630692,16,True,0,608.4487454366345,16,True,2,25.68710359408034,25,True,2,1.0657894736842106,10,71
pondělí,2020-12-21,3113,Trhové Sviny,54,8,5,58,8,5,3,3,187,3113,Trhové Sviny,19267,3657,CZ031,Jihočeský kraj,CZ,ČR,539.783048736181,16,True,0,382.8274541974296,13,True,2,28.87700534759358,30,True,2,1.0188679245283019,10,73
pondělí,2020-12-21,3114,Třeboň,135,23,13,145,26,15,9,7,408,3114,Třeboň,24796,5563,CZ031,Jihočeský kraj,CZ,ČR,854.9766091305049,16,True,0,754.9883156570196,16,True,2,33.088235294117645,30,True,2,1.3636363636363635,15,81
pondělí,2020-12-21,3115,Týn nad Vltavou,61,5,2,73,7,4,2,0,231,3115,Týn nad Vltavou,14083,2594,CZ031,Jihočeský kraj,CZ,ČR,781.0835759426259,16,True,0,424.05551272166537,13,True,2,26.406926406926406,30,False,0,0.8970588235294118,5,66
pondělí,2020-12-21,3116,Vimperk,32,3,2,37,3,1,10,7,141,3116,Vimperk,17520,3591,CZ031,Jihočeský kraj,CZ,ČR,371.00456621004565,13,False,0,194.9317738791423,10,True,2,22.69503546099291,20,True,2,1.0666666666666667,10,57
pondělí,2020-12-21,3117,Vodňany,24,7,1,29,9,1,2,2,88,3117,Vodňany,11881,2251,CZ031,Jihočeský kraj,CZ,ČR,420.83999663328,13,False,0,533.0964015992893,16,True,2,27.27272727272727,30,True,2,1.5,20,83
pondělí,2020-12-21,3201,Blovice,89,21,12,128,43,29,8,5,250,3201,Blovice,12185,2566,CZ032,Plzeňský kraj,CZ,ČR,1304.883052933935,20,True,0,1909.5869056897893,20,True,2,35.6,30,False,0,1.2191780821917808,15,87
pondělí,2020-12-21,3202,Domažlice,112,37,19,108,44,25,25,20,287,3202,Domažlice,40679,8358,CZ032,Plzeňský kraj,CZ,ČR,506.4037955701959,16,False,0,801.6271835367312,16,True,2,39.02439024390244,30,False,0,1.037037037037037,10,74
pondělí,2020-12-21,3203,Horažďovice,63,17,4,68,17,2,8,6,219,3203,Horažďovice,11535,2662,CZ032,Plzeňský kraj,CZ,ČR,944.9501517121803,16,True,0,901.5777610818933,16,True,2,28.767123287671232,30,False,0,1.0862068965517242,10,74
pondělí,2020-12-21,3204,Horšovský Týn,28,9,2,26,14,4,13,6,104,3204,Horšovský Týn,14825,2829,CZ032,Plzeňský kraj,CZ,ČR,350.75885328836426,13,False,0,636.2672322375398,16,True,2,26.923076923076923,30,False,0,0.9333333333333333,5,66
pondělí,2020-12-21,3205,Klatovy,131,12,7,158,19,11,17,14,492,3205,Klatovy,50720,10750,CZ032,Plzeňský kraj,CZ,ČR,465.29968454258676,13,True,0,279.06976744186045,13,True,2,26.6260162601626,30,True,2,1.0826446280991735,10,70
pondělí,2020-12-21,3206,Kralovice,79,15,5,91,17,4,6,6,274,3206,Kralovice,22367,4828,CZ032,Plzeňský kraj,CZ,ČR,572.2716501989538,16,True,0,497.10024855012426,16,True,2,28.832116788321166,30,True,2,1.5192307692307692,20,86
pondělí,2020-12-21,3207,Nepomuk,127,80,62,138,76,59,7,7,222,3207,Nepomuk,11583,2650,CZ032,Plzeňský kraj,CZ,ČR,1389.9680566347233,20,True,0,3207.5471698113206,20,True,2,57.20720720720721,30,True,2,2.760869565217391,30,104
pondělí,2020-12-21,3208,Nýřany,271,33,15,342,40,19,24,18,882,3208,Nýřany,57612,10436,CZ032,Plzeňský kraj,CZ,ČR,777.6157744914254,16,True,0,498.27520122652356,16,True,2,30.725623582766442,30,True,2,1.266355140186916,15,81
pondělí,2020-12-21,3209,Plzeň,821,144,69,1024,185,89,70,51,3141,3209,Plzeň,194280,40386,CZ032,Plzeňský kraj,CZ,ČR,665.5342804200124,16,True,0,569.5042836626553,16,True,2,26.138172556510664,30,True,2,1.463458110516934,20,86
pondělí,2020-12-21,3210,Přeštice,87,7,0,113,11,3,4,1,319,3210,Přeštice,22885,4449,CZ032,Plzeňský kraj,CZ,ČR,690.4085645619401,16,True,0,404.5853000674309,13,True,2,27.27272727272727,30,True,2,1.1756756756756757,10,73
pondělí,2020-12-21,3211,Rokycany,198,28,13,245,36,14,17,14,615,3211,Rokycany,49349,10085,CZ032,Plzeňský kraj,CZ,ČR,678.8384769701514,16,True,0,436.29152206246897,13,True,2,32.19512195121951,30,True,2,1.2941176470588236,15,78
pondělí,2020-12-21,3212,Stod,105,27,11,132,31,11,12,10,349,3212,Stod,23393,4517,CZ032,Plzeňský kraj,CZ,ČR,765.1861668020348,16,True,0,774.8505645339827,16,True,2,30.08595988538682,30,True,2,1.2352941176470589,15,81
pondělí,2020-12-21,3213,Stříbro,132,17,6,169,19,7,6,4,320,3213,Stříbro,17190,3184,CZ032,Plzeňský kraj,CZ,ČR,1291.4485165794065,20,True,0,722.3618090452261,16,True,2,41.25,30,True,2,1.11864406779661,10,80
pondělí,2020-12-21,3214,Sušice,76,26,16,87,34,22,21,11,234,3214,Sušice,24150,5546,CZ032,Plzeňský kraj,CZ,ČR,579.7101449275362,16,False,0,775.3335737468445,16,True,2,32.47863247863248,30,True,2,1.1014492753623188,10,76
pondělí,2020-12-21,3215,Tachov,174,20,6,166,25,8,20,15,453,3215,Tachov,37146,6444,CZ032,Plzeňský kraj,CZ,ČR,699.9407742421795,16,True,0,527.6225946617008,16,True,2,38.41059602649007,30,True,2,1.5130434782608695,20,86
pondělí,2020-12-21,4101,Aš,40,3,1,46,5,2,4,1,145,4101,Aš,17695,3278,CZ041,Karlovarský kraj,CZ,ČR,356.0327776207968,13,True,0,213.54484441732765,10,True,2,27.586206896551722,30,True,2,1.3333333333333333,15,72
pondělí,2020-12-21,4102,Cheb,197,33,14,228,49,22,15,11,543,4102,Cheb,49955,9806,CZ041,Karlovarský kraj,CZ,ČR,574.517065358823,16,True,0,581.2767693249031,16,True,2,36.279926335174956,30,True,2,1.7747747747747749,25,91
pondělí,2020-12-21,4103,Karlovy Vary,310,76,45,373,104,63,49,33,1082,4103,Karlovy Vary,87182,19250,CZ041,Karlovarský kraj,CZ,ČR,573.5128810993094,16,True,0,638.961038961039,16,True,2,28.650646950092423,30,True,2,1.3963963963963963,15,81
pondělí,2020-12-21,4104,Kraslice,82,16,8,96,17,8,6,8,218,4104,Kraslice,13184,2750,CZ041,Karlovarský kraj,CZ,ČR,1008.7985436893205,20,True,0,1054.5454545454545,20,True,2,37.61467889908257,30,True,2,1.3225806451612903,15,89
pondělí,2020-12-21,4105,Mariánské Lázně,61,9,4,65,11,5,2,4,205,4105,Mariánské Lázně,23984,5419,CZ041,Karlovarský kraj,CZ,ČR,333.555703802535,13,True,0,258.3502491234545,13,True,2,29.756097560975608,30,True,2,2.1785714285714284,30,90
pondělí,2020-12-21,4106,Ostrov,88,18,7,101,22,7,14,11,306,4106,Ostrov,27636,5453,CZ041,Karlovarský kraj,CZ,ČR,531.9148936170212,16,True,0,495.14028974876214,16,True,2,28.75816993464052,30,True,2,1.375,15,81
pondělí,2020-12-21,4107,Sokolov,344,95,55,379,109,60,51,43,862,4107,Sokolov,75028,14222,CZ041,Karlovarský kraj,CZ,ČR,710.4014501252865,16,True,0,907.0454225847279,16,True,2,39.90719257540603,30,True,2,1.4040816326530612,20,86
pondělí,2020-12-21,4201,Bílina,83,7,1,91,10,3,8,5,252,4201,Bílina,22600,3935,CZ042,Ústecký kraj,CZ,ČR,575.221238938053,16,True,0,406.60736975857685,13,True,2,32.93650793650794,30,True,2,1.360655737704918,15,78
pondělí,2020-12-21,4202,Děčín,313,47,22,370,56,25,31,25,985,4202,Děčín,76842,16362,CZ042,Ústecký kraj,CZ,ČR,730.0694932458812,16,True,0,543.9432832172107,16,True,2,31.77664974619289,30,False,0,1.2038461538461538,15,79
pondělí,2020-12-21,4203,Chomutov,232,35,16,288,47,20,45,35,831,4203,Chomutov,81662,14681,CZ042,Ústecký kraj,CZ,ČR,535.1326198231736,16,True,0,538.1104829371296,16,True,2,27.918170878459687,30,True,2,1.1372549019607843,10,76
pondělí,2020-12-21,4204,Kadaň,46,6,1,68,9,1,10,4,304,4204,Kadaň,43284,8078,CZ042,Ústecký kraj,CZ,ČR,224.10128453932168,10,False,0,160.9309234959148,10,True,2,15.131578947368421,15,False,0,0.8846153846153846,5,42
pondělí,2020-12-21,4205,Litoměřice,236,32,11,269,45,17,18,15,819,4205,Litoměřice,59110,11658,CZ042,Ústecký kraj,CZ,ČR,757.9089832515649,16,True,0,703.3796534568536,16,True,2,28.815628815628813,30,False,0,1.039647577092511,10,74
pondělí,2020-12-21,4206,Litvínov,96,10,5,113,19,11,16,13,315,4206,Litvínov,37035,7785,CZ042,Ústecký kraj,CZ,ČR,467.1256919130552,13,True,0,385.35645472061657,13,True,2,30.476190476190478,30,True,2,1.4328358208955223,20,80
pondělí,2020-12-21,4207,Louny,190,31,15,219,31,13,19,22,494,4207,Louny,43640,8545,CZ042,Ústecký kraj,CZ,ČR,701.1915673693859,16,True,0,491.51550614394387,16,True,2,38.46153846153847,30,True,2,1.2837837837837838,15,81
pondělí,2020-12-21,4208,Lovosice,106,23,9,121,32,15,19,14,355,4208,Lovosice,27750,5804,CZ042,Ústecký kraj,CZ,ČR,645.0450450450451,16,True,0,689.1798759476223,16,True,2,29.859154929577464,30,False,0,1.2771084337349397,15,79
pondělí,2020-12-21,4209,Most,244,43,18,286,51,22,34,21,630,4209,Most,74673,13629,CZ042,Ústecký kraj,CZ,ČR,602.627455706882,16,False,0,579.6463423582068,16,True,2,38.730158730158735,30,True,2,1.196078431372549,10,76
pondělí,2020-12-21,4210,Podbořany,67,20,7,76,21,7,4,6,195,4210,Podbořany,15678,3106,CZ042,Ústecký kraj,CZ,ČR,816.4306671769358,16,True,0,901.481004507405,16,True,2,34.35897435897436,30,True,2,1.3137254901960784,15,81
pondělí,2020-12-21,4211,Roudnice nad Labem,190,25,14,217,28,15,19,25,514,4211,Roudnice nad Labem,32808,6650,CZ042,Ústecký kraj,CZ,ČR,862.594489148988,16,True,0,586.4661654135338,16,True,2,36.964980544747085,30,True,2,1.3475177304964538,15,81
pondělí,2020-12-21,4212,Rumburk,159,23,11,194,29,13,11,10,475,4212,Rumburk,32795,6681,CZ042,Ústecký kraj,CZ,ČR,878.182649794176,16,True,0,748.39095943721,16,True,2,33.473684210526315,30,True,2,0.9244186046511628,5,71
pondělí,2020-12-21,4213,Teplice,490,79,31,518,93,35,56,43,1798,4213,Teplice,106472,21215,CZ042,Ústecký kraj,CZ,ČR,806.7848824103991,16,True,0,744.7560688192317,16,True,2,27.252502780867633,30,True,2,1.183574879227053,10,76
pondělí,2020-12-21,4214,Ústí nad Labem,644,97,40,763,131,49,75,48,1991,4214,Ústí nad Labem,119338,23971,CZ042,Ústecký kraj,CZ,ČR,884.043640751479,16,True,0,692.5034416586709,16,True,2,32.345554997488705,30,True,2,1.170909090909091,10,76
pondělí,2020-12-21,4215,Varnsdorf,80,13,4,101,17,5,2,4,231,4215,Varnsdorf,19905,4211,CZ042,Ústecký kraj,CZ,ČR,683.2454157246923,16,True,0,522.4412253621468,16,True,2,34.63203463203463,30,True,2,1.1111111111111112,10,76
pondělí,2020-12-21,4216,Žatec,190,58,34,201,60,36,9,9,322,4216,Žatec,27373,5216,CZ042,Ústecký kraj,CZ,ČR,1106.9301866803055,20,True,0,1533.7423312883436,20,True,2,59.006211180124225,30,True,2,1.4960629921259843,20,94
pondělí,2020-12-21,5101,Česká Lípa,358,54,25,431,72,33,42,36,1340,5101,Česká Lípa,76998,14036,CZ051,Liberecký kraj,CZ,ČR,809.1119249850647,16,True,0,755.2009119407238,16,True,2,26.71641791044776,30,True,2,1.2218430034129693,15,81
pondělí,2020-12-21,5102,Frýdlant,141,21,6,179,28,8,11,6,446,5102,Frýdlant,24479,4944,CZ051,Liberecký kraj,CZ,ČR,996.77274398464,20,True,0,728.1553398058253,16,True,2,31.614349775784756,30,True,2,1.1015625,10,80
pondělí,2020-12-21,5103,Jablonec nad Nisou,383,52,25,446,70,30,36,24,1089,5103,Jablonec nad Nisou,56206,11517,CZ051,Liberecký kraj,CZ,ČR,1010.568266733089,20,True,0,824.8675870452375,16,True,2,35.16988062442608,30,True,2,1.3678571428571429,15,85
pondělí,2020-12-21,5104,Jilemnice,116,8,4,136,13,5,13,5,350,5104,Jilemnice,22137,4768,CZ051,Liberecký kraj,CZ,ČR,808.6009847766184,16,True,0,377.51677852348996,13,True,2,33.14285714285714,30,True,2,1.7058823529411764,25,88
pondělí,2020-12-21,5105,Liberec,969,164,65,1182,210,91,88,61,3256,5105,Liberec,145676,28910,CZ051,Liberecký kraj,CZ,ČR,1096.2684313133254,20,True,0,895.8837772397095,16,True,2,29.76044226044226,30,True,2,1.2439024390243902,15,85
pondělí,2020-12-21,5106,Nový Bor,92,27,14,120,33,12,18,15,329,5106,Nový Bor,26302,5736,CZ051,Liberecký kraj,CZ,ČR,653.9426659569614,16,True,0,801.9525801952581,16,True,2,27.96352583586626,30,True,2,1.1358024691358024,10,76
pondělí,2020-12-21,5107,Semily,94,19,3,139,28,6,14,5,406,5107,Semily,25675,5599,CZ051,Liberecký kraj,CZ,ČR,806.2317429406036,16,False,0,750.1339524915163,16,True,2,23.15270935960591,25,False,0,0.7966101694915254,0,59
pondělí,2020-12-21,5108,Tanvald,86,17,11,104,21,14,15,6,279,5108,Tanvald,20412,4465,CZ051,Liberecký kraj,CZ,ČR,842.6415833823241,16,True,0,873.4602463605823,16,True,2,30.824372759856633,30,False,0,1.0238095238095237,10,74
pondělí,2020-12-21,5109,Turnov,154,22,10,190,31,14,14,10,610,5109,Turnov,33623,7134,CZ051,Liberecký kraj,CZ,ČR,871.4272967908871,16,True,0,616.7647883375386,16,True,2,25.245901639344265,25,False,0,1.0476190476190477,10,69
pondělí,2020-12-21,5110,Železný Brod,66,13,5,86,18,9,12,5,194,5110,Železný Brod,12182,2797,CZ051,Liberecký kraj,CZ,ČR,1182.071909374487,20,False,0,965.3199856989631,20,True,2,34.02061855670103,30,False,0,0.9295774647887324,5,77
pondělí,2020-12-21,5201,Broumov,62,12,7,77,16,7,6,6,216,5201,Broumov,15876,3561,CZ052,Královéhradecký kraj,CZ,ČR,875.5353993449231,16,True,0,786.2959842740803,16,True,2,28.703703703703702,30,False,0,0.8157894736842105,5,69
pondělí,2020-12-21,5202,Dobruška,146,24,10,189,31,14,12,12,322,5202,Dobruška,20190,4276,CZ052,Královéhradecký kraj,CZ,ČR,1406.6369489846459,20,True,0,1122.5444340505144,20,True,2,45.3416149068323,30,True,2,1.0814814814814815,10,84
pondělí,2020-12-21,5203,Dvůr Králové nad Labem,124,26,17,143,31,19,12,6,399,5203,Dvůr Králové nad Labem,26949,6223,CZ052,Královéhradecký kraj,CZ,ČR,686.4818731678355,16,True,0,626.7073758637314,16,True,2,31.07769423558897,30,True,2,1.3932584269662922,15,81
pondělí,2020-12-21,5204,Hořice,81,16,4,105,21,5,10,8,213,5204,Hořice,18377,4041,CZ052,Královéhradecký kraj,CZ,ČR,930.5109647929477,16,True,0,643.4050977480821,16,True,2,38.028169014084504,30,False,0,0.9310344827586207,5,69
pondělí,2020-12-21,5205,Hradec Králové,848,146,70,1037,193,92,81,45,2903,5205,Hradec Králové,146899,32484,CZ052,Královéhradecký kraj,CZ,ČR,996.6031082580548,20,True,0,744.9821450560275,16,True,2,29.211160868067516,30,True,2,1.2656716417910447,15,85
pondělí,2020-12-21,5206,Jaroměř,57,6,3,69,11,6,9,6,216,5206,Jaroměř,19273,3792,CZ052,Královéhradecký kraj,CZ,ČR,482.54034141026307,16,True,0,342.8270042194093,13,True,2,26.38888888888889,30,True,2,1.2666666666666666,15,78
pondělí,2020-12-21,5207,Jičín,241,36,16,295,44,16,25,10,623,5207,Jičín,48382,10108,CZ052,Královéhradecký kraj,CZ,ČR,857.7570170724649,16,True,0,633.1618519984171,16,True,2,38.68378812199037,30,True,2,1.2956989247311828,15,81
pondělí,2020-12-21,5208,Kostelec nad Orlicí,176,28,6,204,34,5,9,6,518,5208,Kostelec nad Orlicí,24892,5311,CZ052,Královéhradecký kraj,CZ,ČR,1245.3800417804916,20,True,0,1223.8749764639429,20,True,2,33.97683397683397,30,False,0,1.3233082706766917,15,87
pondělí,2020-12-21,5209,Náchod,262,26,10,351,40,16,20,17,844,5209,Náchod,60595,13494,CZ052,Královéhradecký kraj,CZ,ČR,745.9361333443353,16,True,0,385.35645472061657,13,True,2,31.04265402843602,30,True,2,1.336734693877551,15,78
pondělí,2020-12-21,5210,Nová Paka,33,8,3,41,8,4,7,5,119,5210,Nová Paka,13286,2887,CZ052,Královéhradecký kraj,CZ,ČR,504.2902303176276,16,True,0,346.38032559750604,13,True,2,27.73109243697479,30,False,0,0.8918918918918919,5,66
pondělí,2020-12-21,5211,Nové Město nad Metují,63,8,6,81,16,13,10,9,246,5211,Nové Město nad Metují,14214,3321,CZ052,Královéhradecký kraj,CZ,ČR,942.7325172365273,16,True,0,572.116832279434,16,True,2,25.609756097560975,25,False,0,1.0862068965517242,10,69
pondělí,2020-12-21,5212,Nový Bydžov,51,6,4,64,8,5,1,0,229,5212,Nový Bydžov,17384,3627,CZ052,Královéhradecký kraj,CZ,ČR,655.7754256787852,16,True,0,441.13592500689276,13,True,2,22.270742358078603,20,False,0,0.9444444444444444,5,56
pondělí,2020-12-21,5213,Rychnov nad Kněžnou,266,55,15,302,62,17,19,18,600,5213,Rychnov nad Kněžnou,34301,6810,CZ052,Královéhradecký kraj,CZ,ČR,1186.5543278621615,20,True,0,1145.374449339207,20,True,2,44.333333333333336,30,True,2,1.5833333333333333,20,94
pondělí,2020-12-21,5214,Trutnov,287,29,8,359,55,26,38,25,813,5214,Trutnov,63419,13537,CZ052,Královéhradecký kraj,CZ,ČR,778.9463725381984,16,True,0,687.0059836005023,16,True,2,35.30135301353013,30,True,2,1.2478260869565216,15,81
pondělí,2020-12-21,5215,Vrchlabí,86,11,2,110,12,0,5,2,267,5215,Vrchlabí,27610,5935,CZ052,Královéhradecký kraj,CZ,ČR,532.4157913799348,16,True,0,303.28559393428816,13,True,2,32.20973782771536,30,True,2,1.2835820895522387,15,78
pondělí,2020-12-21,5301,Česká Třebová,44,8,3,54,9,4,2,3,190,5301,Česká Třebová,17969,3841,CZ053,Pardubický kraj,CZ,ČR,461.9066169514163,13,True,0,260.34886748242644,13,True,2,23.157894736842106,25,False,0,1.0476190476190477,10,63
pondělí,2020-12-21,5302,Hlinsko,123,13,8,181,31,20,7,3,420,5302,Hlinsko,21017,4465,CZ053,Pardubický kraj,CZ,ČR,1275.1582052624067,20,True,0,963.0459126539754,20,True,2,29.28571428571429,30,False,0,0.8785714285714286,5,77
pondělí,2020-12-21,5303,Holice,83,17,9,102,22,12,8,4,306,5303,Holice,17910,3461,CZ053,Pardubický kraj,CZ,ČR,982.6912339475153,20,True,0,780.1213522103438,16,True,2,27.124183006535947,30,False,0,0.9222222222222223,5,73
pondělí,2020-12-21,5304,Chrudim,497,77,36,608,95,45,52,35,1634,5304,Chrudim,83596,17211,CZ053,Pardubický kraj,CZ,ČR,1069.429159289918,20,True,0,761.1411306722445,16,True,2,30.416156670746634,30,True,2,1.0397489539748954,10,80
pondělí,2020-12-21,5305,Králíky,36,3,3,37,4,4,1,1,95,5305,Králíky,8676,1838,CZ053,Pardubický kraj,CZ,ČR,668.5108344859382,16,True,0,435.2557127312296,13,True,2,37.89473684210527,30,True,2,1.7142857142857142,25,88
pondělí,2020-12-21,5306,Lanškroun,50,10,2,55,11,0,4,4,185,5306,Lanškroun,23140,4468,CZ053,Pardubický kraj,CZ,ČR,393.2584269662922,13,True,0,358.10205908683974,13,True,2,27.027027027027028,30,True,2,1.1363636363636365,10,70
pondělí,2020-12-21,5307,Litomyšl,108,16,8,142,32,15,15,9,323,5307,Litomyšl,27205,5327,CZ053,Pardubický kraj,CZ,ČR,646.9399007535379,16,True,0,600.7133470996808,16,True,2,33.43653250773993,30,True,2,1.3333333333333333,15,81
pondělí,2020-12-21,5308,Moravská Třebová,104,13,4,141,21,7,8,6,300,5308,Moravská Třebová,26138,5476,CZ053,Pardubický kraj,CZ,ČR,860.8156706710536,16,True,0,584.3681519357195,16,True,2,34.66666666666667,30,False,0,0.8888888888888888,5,69
pondělí,2020-12-21,5309,Pardubice,773,78,33,923,102,51,50,38,2509,5309,Pardubice,131691,26335,CZ053,Pardubický kraj,CZ,ČR,1038.0360085351315,20,True,0,493.6396430605658,16,True,2,30.809087285771223,30,True,2,1.2289348171701113,15,85
pondělí,2020-12-21,5310,Polička,92,16,7,113,30,18,19,10,274,5310,Polička,19611,3995,CZ053,Pardubický kraj,CZ,ČR,693.4883483759114,16,True,0,575.7196495619525,16,True,2,33.57664233576642,30,True,2,1.4603174603174602,20,86
pondělí,2020-12-21,5311,Přelouč,150,18,5,171,21,5,6,3,465,5311,Přelouč,25840,5172,CZ053,Pardubický kraj,CZ,ČR,851.3931888544892,16,True,0,502.7068832173241,16,True,2,32.25806451612903,30,True,2,1.5625,20,86
pondělí,2020-12-21,5312,Svitavy,129,18,8,150,27,12,10,9,467,5312,Svitavy,31379,6533,CZ053,Pardubický kraj,CZ,ČR,764.8427292138055,16,True,0,566.35542629726,16,True,2,27.62312633832976,30,False,0,0.9923076923076923,5,69
pondělí,2020-12-21,5313,Ústí nad Orlicí,82,8,5,105,16,10,1,2,326,5313,Ústí nad Orlicí,26573,5651,CZ053,Pardubický kraj,CZ,ČR,508.0344710796673,16,True,0,230.04777915413203,10,True,2,25.153374233128833,25,True,2,1.2424242424242424,15,70
pondělí,2020-12-21,5314,Vysoké Mýto,130,22,6,159,28,12,7,9,433,5314,Vysoké Mýto,32454,6661,CZ053,Pardubický kraj,CZ,ČR,751.8333641461761,16,True,0,555.4721513286294,16,True,2,30.023094688221708,30,True,2,1.0743801652892562,10,76
pondělí,2020-12-21,5315,Žamberk,100,16,5,122,22,8,5,5,414,5315,Žamberk,29463,5651,CZ053,Pardubický kraj,CZ,ČR,644.8766249193905,16,True,0,530.8794903556893,16,True,2,24.154589371980677,25,True,2,1.1363636363636365,10,71
pondělí,2020-12-21,6101,Bystřice nad Pernštejnem,83,14,8,95,26,15,15,6,444,6101,Bystřice nad Pernštejnem,19755,4235,CZ063,Kraj Vysočina,CZ,ČR,713.7433561123765,16,True,0,684.7697756788666,16,True,2,18.693693693693696,15,True,2,1.3174603174603174,15,66
pondělí,2020-12-21,6102,Havlíčkův Brod,308,59,25,429,108,49,81,24,644,6102,Havlíčkův Brod,52932,10770,CZ063,Kraj Vysočina,CZ,ČR,1141.0866772462782,20,False,0,1318.477251624884,20,True,2,47.82608695652174,30,True,2,1.1846153846153846,10,84
pondělí,2020-12-21,6103,Humpolec,74,12,2,95,18,4,5,3,164,6103,Humpolec,17852,3773,CZ063,Kraj Vysočina,CZ,ČR,829.0387631637911,16,True,0,901.1396766498807,16,True,2,45.1219512195122,30,False,0,0.8705882352941177,5,69
pondělí,2020-12-21,6104,Chotěboř,137,18,11,175,23,11,10,4,265,6104,Chotěboř,21872,4804,CZ063,Kraj Vysočina,CZ,ČR,1060.7168983174836,20,True,0,749.3755203996669,16,True,2,51.698113207547166,30,True,2,1.3838383838383839,15,85
pondělí,2020-12-21,6105,Jihlava,491,70,25,533,80,35,27,21,992,6105,Jihlava,101074,19707,CZ063,Kraj Vysočina,CZ,ČR,755.8818291548766,16,True,0,573.4003146090222,16,True,2,49.49596774193548,30,True,2,1.7919708029197081,25,91
pondělí,2020-12-21,6106,Moravské Budějovice,48,4,0,50,3,0,1,1,189,6106,Moravské Budějovice,23098,4818,CZ063,Kraj Vysočina,CZ,ČR,393.97350419949777,13,True,0,124.53300124533001,10,True,2,25.396825396825395,25,False,0,1.3714285714285714,15,65
pondělí,2020-12-21,6107,Náměšť nad Oslavou,61,4,1,68,4,1,1,3,153,6107,Náměšť nad Oslavou,13440,2841,CZ063,Kraj Vysočina,CZ,ČR,781.25,16,True,0,281.59098908834915,13,True,2,39.869281045751634,30,True,2,1.967741935483871,30,93
pondělí,2020-12-21,6108,Nové Město na Moravě,74,11,6,81,13,6,5,5,465,6108,Nové Město na Moravě,19386,4017,CZ063,Kraj Vysočina,CZ,ČR,711.8539151965335,16,True,0,398.3071944236993,13,True,2,15.913978494623656,15,False,0,1.1935483870967742,10,56
pondělí,2020-12-21,6109,Pacov,46,6,1,49,7,0,5,4,97,6109,Pacov,9364,2205,CZ063,Kraj Vysočina,CZ,ČR,939.7693293464331,16,True,0,1088.4353741496598,20,True,2,47.42268041237113,30,False,0,1.393939393939394,15,83
pondělí,2020-12-21,6110,Pelhřimov,136,23,7,165,31,14,2,2,355,6110,Pelhřimov,45086,9648,CZ063,Kraj Vysočina,CZ,ČR,545.6239187330879,16,True,0,445.6882255389718,13,True,2,38.309859154929576,30,False,0,1.1147540983606556,10,71
pondělí,2020-12-21,6111,Světlá nad Sázavou,145,27,12,192,40,20,23,14,372,6111,Světlá nad Sázavou,19690,4322,CZ063,Kraj Vysočina,CZ,ČR,1630.2691721686135,20,False,0,1989.8195279962981,20,True,2,38.97849462365591,30,False,0,0.8055555555555556,5,77
pondělí,2020-12-21,6112,Telč,44,7,5,49,7,4,1,2,91,6112,Telč,12975,2736,CZ063,Kraj Vysočina,CZ,ČR,593.4489402697495,16,True,0,365.4970760233918,13,True,2,48.35164835164835,30,True,2,1.6296296296296295,25,88
pondělí,2020-12-21,6113,Třebíč,227,31,11,252,37,14,7,11,679,6113,Třebíč,74272,15148,CZ063,Kraj Vysočina,CZ,ČR,479.319258940112,13,True,0,330.07657776604174,13,True,2,33.43151693667157,30,True,2,1.7067669172932332,25,85
pondělí,2020-12-21,6114,Velké Meziříčí,131,17,10,156,32,19,10,8,461,6114,Velké Meziříčí,36390,6564,CZ063,Kraj Vysočina,CZ,ČR,629.2937620225337,16,True,0,517.9768433881779,16,True,2,28.41648590021692,30,True,2,1.190909090909091,10,76
pondělí,2020-12-21,6115,Žďár nad Sázavou,238,36,17,255,45,25,19,12,933,6115,Žďár nad Sázavou,42627,8703,CZ063,Kraj Vysočina,CZ,ČR,982.9450817556948,20,True,0,666.4368608525796,16,True,2,25.509110396570208,25,True,2,1.19,10,75
pondělí,2020-12-21,6201,Blansko,171,22,12,206,40,24,38,16,648,6201,Blansko,57126,11918,CZ064,Jihomoravský kraj,CZ,ČR,610.9302244162028,16,True,0,478.2681657996308,13,True,2,26.38888888888889,30,False,0,1.0754716981132075,10,71
pondělí,2020-12-21,6202,Boskovice,236,39,17,289,63,31,39,21,667,6202,Boskovice,52010,10490,CZ064,Jihomoravský kraj,CZ,ČR,880.5998846375697,16,True,0,886.558627264061,16,True,2,35.38230884557721,30,False,0,1.0976744186046512,10,74
pondělí,2020-12-21,6203,Brno,1447,197,117,1708,309,190,233,130,5906,6203,Brno,381346,79457,CZ064,Jihomoravský kraj,CZ,ČR,645.6079256108626,16,True,0,517.2609084158728,16,True,2,24.500507958008804,25,True,2,1.3574108818011257,15,76
pondělí,2020-12-21,6204,Břeclav,199,49,30,230,59,37,49,42,627,6204,Břeclav,59715,12216,CZ064,Jihomoravský kraj,CZ,ČR,566.0219375366323,16,True,0,613.9489194499017,16,True,2,31.738437001594892,30,True,2,1.4962406015037595,20,86
pondělí,2020-12-21,6205,Bučovice,74,13,4,97,16,5,15,9,239,6205,Bučovice,16111,3177,CZ064,Jihomoravský kraj,CZ,ČR,937.247843088573,16,True,0,692.4771797293043,16,True,2,30.962343096234306,30,False,0,0.925,5,69
pondělí,2020-12-21,6206,Hodonín,171,23,10,220,35,19,26,12,793,6206,Hodonín,60685,12248,CZ064,Jihomoravský kraj,CZ,ČR,598.1708824256406,16,True,0,440.8883082952318,13,True,2,21.563682219419924,20,False,0,1.1324503311258278,10,61
pondělí,2020-12-21,6207,Hustopeče,132,17,9,178,36,19,33,12,527,6207,Hustopeče,36311,6981,CZ064,Jihomoravský kraj,CZ,ČR,682.9886260361874,16,False,0,644.6067898581865,16,True,2,25.047438330170777,25,False,0,1.0819672131147542,10,69
pondělí,2020-12-21,6208,Ivančice,77,11,4,86,14,2,9,3,306,6208,Ivančice,24459,4805,CZ064,Jihomoravský kraj,CZ,ČR,682.7752565517806,16,True,0,395.42143600416233,13,True,2,25.163398692810457,25,False,0,0.9746835443037974,5,61
pondělí,2020-12-21,6209,Kuřim,67,7,3,74,6,3,6,5,255,6209,Kuřim,23345,4177,CZ064,Jihomoravský kraj,CZ,ČR,445.4915399443136,13,True,0,191.52501795547042,10,True,2,26.27450980392157,30,True,2,1.675,25,82
pondělí,2020-12-21,6210,Kyjov,183,27,9,225,34,13,19,14,698,6210,Kyjov,55543,11542,CZ064,Jihomoravský kraj,CZ,ČR,559.9265433988081,16,True,0,398.5444463697799,13,True,2,26.21776504297994,30,True,2,1.3656716417910448,15,78
pondělí,2020-12-21,6211,Mikulov,94,10,7,102,17,11,15,15,289,6211,Mikulov,20265,3954,CZ064,Jihomoravský kraj,CZ,ČR,804.3424623735505,16,True,0,632.2711178553363,16,True,2,32.52595155709342,30,True,2,1.175,10,76
pondělí,2020-12-21,6212,Moravský Krumlov,67,8,3,74,8,2,4,4,235,6212,Moravský Krumlov,22452,4592,CZ064,Jihomoravský kraj,CZ,ČR,454.30251202565466,13,True,0,217.77003484320556,10,True,2,28.510638297872344,30,True,2,1.4565217391304348,20,77
pondělí,2020-12-21,6213,Pohořelice,90,18,9,100,21,10,8,5,235,6213,Pohořelice,14599,2588,CZ064,Jihomoravský kraj,CZ,ČR,842.523460510994,16,True,0,1004.6367851622875,20,True,2,38.297872340425535,30,True,2,1.5,20,90
pondělí,2020-12-21,6214,Rosice,67,7,4,77,9,4,8,6,299,6214,Rosice,26284,5080,CZ064,Jihomoravský kraj,CZ,ČR,502.20666565210774,16,True,0,374.01574803149606,13,True,2,22.40802675585284,20,False,0,1.0307692307692307,10,61
pondělí,2020-12-21,6215,Slavkov u Brna,117,24,12,137,27,12,17,11,362,6215,Slavkov u Brna,24027,4191,CZ064,Jihomoravský kraj,CZ,ČR,878.1787156116036,16,True,0,835.1228823669768,16,True,2,32.32044198895028,30,True,2,1.0833333333333333,10,76
pondělí,2020-12-21,6216,Šlapanice,270,28,11,308,35,14,31,17,1133,6216,Šlapanice,70414,12564,CZ064,Jihomoravský kraj,CZ,ČR,644.7581446871361,16,True,0,382.043935052531,13,True,2,23.830538393645188,25,True,2,1.3432835820895523,15,73
pondělí,2020-12-21,6217,Tišnov,137,23,15,160,32,20,17,8,372,6217,Tišnov,31725,6213,CZ064,Jihomoravský kraj,CZ,ČR,743.8928289992119,16,True,0,692.0972155158539,16,True,2,36.82795698924731,30,True,2,1.2123893805309736,15,81
pondělí,2020-12-21,6218,Veselí nad Moravou,135,31,10,166,38,15,17,12,510,6218,Veselí nad Moravou,37715,8138,CZ064,Jihomoravský kraj,CZ,ČR,676.1235582659419,16,True,0,589.8255099533055,16,True,2,26.47058823529412,30,False,0,1.1065573770491803,10,74
pondělí,2020-12-21,6219,Vyškov,262,68,42,329,91,57,34,20,878,6219,Vyškov,52142,10312,CZ064,Jihomoravský kraj,CZ,ČR,878.3706033523839,16,True,0,1115.2055857253686,20,True,2,29.84054669703872,30,True,2,1.1441048034934498,10,80
pondělí,2020-12-21,6220,Znojmo,299,53,21,343,60,23,36,28,950,6220,Znojmo,91899,18089,CZ064,Jihomoravský kraj,CZ,ČR,569.1030370297826,16,True,0,497.5399414008513,16,True,2,31.473684210526315,30,True,2,1.196,10,76
pondělí,2020-12-21,6221,Židlochovice,113,16,9,124,17,9,15,12,408,6221,Židlochovice,33816,5888,CZ064,Jihomoravský kraj,CZ,ČR,570.7357463922403,16,True,0,373.6413043478261,13,True,2,27.696078431372552,30,True,2,1.3294117647058823,15,78
pondělí,2020-12-21,7101,Hranice,218,25,5,257,29,8,19,12,710,7101,Hranice,34146,6800,CZ071,Olomoucký kraj,CZ,ČR,1194.8690915480583,20,True,0,647.0588235294118,16,True,2,30.704225352112672,30,False,0,1.013953488372093,10,78
pondělí,2020-12-21,7102,Jeseník,162,44,22,212,67,38,33,28,480,7102,Jeseník,37968,8400,CZ071,Olomoucký kraj,CZ,ČR,819.110830172777,16,True,0,1059.5238095238094,20,True,2,33.75,30,False,0,1.1095890410958904,10,78
pondělí,2020-12-21,7103,Konice,41,8,6,50,11,8,7,5,128,7103,Konice,10634,2373,CZ071,Olomoucký kraj,CZ,ČR,714.6887342486364,16,True,0,547.8297513695744,16,True,2,32.03125,30,True,2,1.2424242424242424,15,81
pondělí,2020-12-21,7104,Lipník nad Bečvou,75,13,3,82,13,4,1,0,224,7104,Lipník nad Bečvou,15130,2913,CZ071,Olomoucký kraj,CZ,ČR,806.345009914078,16,True,0,617.9196704428424,16,True,2,33.482142857142854,30,True,2,1.171875,10,76
pondělí,2020-12-21,7105,Litovel,85,9,5,113,18,13,12,8,267,7105,Litovel,23715,4914,CZ071,Olomoucký kraj,CZ,ČR,611.427366645583,16,True,0,569.8005698005699,16,True,2,31.835205992509362,30,True,2,1.103896103896104,10,76
pondělí,2020-12-21,7106,Mohelnice,47,6,3,61,12,6,8,5,215,7106,Mohelnice,18362,3710,CZ071,Olomoucký kraj,CZ,ČR,457.4665069164579,13,True,0,296.4959568733154,13,True,2,21.86046511627907,20,False,0,1.0444444444444445,10,58
pondělí,2020-12-21,7107,Olomouc,718,131,51,890,156,61,73,55,2388,7107,Olomouc,165165,32742,CZ071,Olomoucký kraj,CZ,ČR,764.0844004480368,16,True,0,586.4027854132307,16,True,2,30.067001675041876,30,True,2,1.3126142595978063,15,81
pondělí,2020-12-21,7108,Prostějov,546,72,19,676,101,28,40,23,1504,7108,Prostějov,98012,20139,CZ071,Olomoucký kraj,CZ,ČR,976.4110517079541,20,True,0,575.9968220864988,16,True,2,36.3031914893617,30,True,2,1.1375,10,80
pondělí,2020-12-21,7109,Přerov,437,65,25,497,72,28,16,19,1113,7109,Přerov,80236,17534,CZ071,Olomoucký kraj,CZ,ČR,1004.5366169799094,20,True,0,615.9461617428994,16,True,2,39.26325247079964,30,True,2,1.2309859154929577,15,85
pondělí,2020-12-21,7110,Šternberk,115,21,6,160,31,8,23,15,329,7110,Šternberk,24164,4837,CZ071,Olomoucký kraj,CZ,ČR,918.7220658831319,16,True,0,909.6547446764523,16,True,2,34.954407294832826,30,False,0,0.9583333333333334,5,69
pondělí,2020-12-21,7111,Šumperk,211,42,24,266,49,27,26,21,588,7111,Šumperk,68988,15147,CZ071,Olomoucký kraj,CZ,ČR,545.0223227227924,16,True,0,415.9239453357101,13,True,2,35.8843537414966,30,True,2,1.5401459854014599,20,83
pondělí,2020-12-21,7112,Uničov,88,18,8,115,28,13,21,15,212,7112,Uničov,22428,4534,CZ071,Olomoucký kraj,CZ,ČR,615.3023006955591,16,True,0,683.7229819144243,16,True,2,41.509433962264154,30,True,2,1.2753623188405796,15,81
pondělí,2020-12-21,7113,Zábřeh,91,18,8,111,17,7,6,5,261,7113,Zábřeh,33067,6892,CZ071,Olomoucký kraj,CZ,ČR,505.0352314996825,16,True,0,362.73940800928614,13,True,2,34.86590038314176,30,True,2,1.2297297297297298,15,78
pondělí,2020-12-21,7201,Bystřice pod Hostýnem,76,18,9,102,21,11,10,2,237,7201,Bystřice pod Hostýnem,15242,3294,CZ072,Zlínský kraj,CZ,ČR,1095.6567379608975,20,True,0,1092.896174863388,20,True,2,32.06751054852321,30,False,0,0.8941176470588236,5,77
pondělí,2020-12-21,7202,Holešov,131,16,7,163,26,9,22,17,391,7202,Holešov,21540,4371,CZ072,Zlínský kraj,CZ,ČR,1100.2785515320334,20,True,0,1052.390757263784,20,True,2,33.50383631713555,30,True,2,1.3505154639175259,15,89
pondělí,2020-12-21,7203,Kroměříž,555,116,48,661,135,56,84,56,1459,7203,Kroměříž,68561,14596,CZ072,Zlínský kraj,CZ,ČR,1368.124735636878,20,True,0,1363.3872293779118,20,True,2,38.03975325565456,30,True,2,1.2388392857142858,15,89
pondělí,2020-12-21,7204,Luhačovice,68,14,6,85,23,11,9,3,210,7204,Luhačovice,18624,3952,CZ072,Zlínský kraj,CZ,ČR,622.852233676976,16,True,0,733.8056680161943,16,True,2,32.38095238095238,30,True,2,1.3333333333333333,15,81
pondělí,2020-12-21,7205,Otrokovice,211,55,38,236,63,42,19,8,597,7205,Otrokovice,34276,7438,CZ072,Zlínský kraj,CZ,ČR,1076.555023923445,20,True,0,1062.1134713632698,20,True,2,35.34338358458962,30,True,2,1.082051282051282,10,84
pondělí,2020-12-21,7206,Rožnov pod Radhoštěm,226,31,16,261,47,26,20,15,621,7206,Rožnov pod Radhoštěm,35175,7559,CZ072,Zlínský kraj,CZ,ČR,1097.3702914001422,20,True,0,793.7557878026195,16,True,2,36.39291465378422,30,True,2,1.153061224489796,10,80
pondělí,2020-12-21,7207,Uherské Hradiště,446,82,59,559,108,78,40,21,1356,7207,Uherské Hradiště,90117,18605,CZ072,Zlínský kraj,CZ,ČR,911.0378729873386,16,True,0,741.7360924482666,16,True,2,32.89085545722713,30,False,0,1.238888888888889,15,79
pondělí,2020-12-21,7208,Uherský Brod,141,21,12,182,31,12,18,16,545,7208,Uherský Brod,52109,10911,CZ072,Zlínský kraj,CZ,ČR,583.392504173943,16,True,0,403.26276234992207,13,True,2,25.871559633027523,25,False,0,0.7966101694915254,0,56
pondělí,2020-12-21,7209,Valašské Klobouky,122,17,8,156,25,11,21,10,438,7209,Valašské Klobouky,23102,4300,CZ072,Zlínský kraj,CZ,ČR,1121.1150549735955,20,True,0,860.4651162790698,16,True,2,27.85388127853881,30,False,0,0.8026315789473685,5,73
pondělí,2020-12-21,7210,Valašské Meziříčí,218,35,20,263,52,30,20,11,623,7210,Valašské Meziříčí,41831,8296,CZ072,Zlínský kraj,CZ,ČR,851.0434844971433,16,True,0,687.0781099324976,16,True,2,34.99197431781702,30,True,2,1.1783783783783783,10,76
pondělí,2020-12-21,7211,Vizovice,122,15,2,139,18,2,12,5,365,7211,Vizovice,17153,3096,CZ072,Zlínský kraj,CZ,ČR,1101.848073223343,20,True,0,1033.59173126615,20,True,2,33.42465753424658,30,True,2,1.5844155844155845,20,94
pondělí,2020-12-21,7212,Vsetín,423,59,24,458,65,26,37,24,1007,7212,Vsetín,65522,13208,CZ072,Zlínský kraj,CZ,ČR,963.0353163822839,20,True,0,681.405208964264,16,True,2,42.00595829195631,30,True,2,1.3015384615384615,15,85
pondělí,2020-12-21,7213,Zlín,609,116,53,708,145,67,79,52,2032,7213,Zlín,99303,21713,CZ072,Zlínský kraj,CZ,ČR,1030.1803570889097,20,True,0,801.3632386128126,16,True,2,29.970472440944885,30,True,2,1.1964636542239686,10,80
pondělí,2020-12-21,8101,Bílovec,243,40,20,267,45,22,26,25,601,8101,Bílovec,25622,5035,CZ080,Moravskoslezský kraj,CZ,ČR,1319.1788306923738,20,True,0,1112.214498510427,20,True,2,40.432612312811976,30,True,2,1.6993006993006994,25,99
pondělí,2020-12-21,8102,Bohumín,227,38,11,290,63,26,27,17,678,8102,Bohumín,33366,6681,CZ080,Moravskoslezský kraj,CZ,ČR,1156.8662710543667,20,True,0,1062.7151624008384,20,True,2,33.48082595870206,30,True,2,1.1127450980392157,10,84
pondělí,2020-12-21,8103,Bruntál,199,27,18,232,34,20,21,12,578,8103,Bruntál,36418,7282,CZ080,Moravskoslezský kraj,CZ,ČR,955.5714207260146,16,True,0,645.4270804723977,16,True,2,34.42906574394463,30,True,2,1.0934065934065933,10,76
pondělí,2020-12-21,8104,Český Těšín,127,23,6,156,30,9,17,9,511,8104,Český Těšín,25687,4960,CZ080,Moravskoslezský kraj,CZ,ČR,864.250399034531,16,True,0,766.1290322580645,16,True,2,24.853228962818,25,True,2,1.1339285714285714,10,71
pondělí,2020-12-21,8105,Frenštát pod Radhoštěm,97,11,5,109,13,7,4,4,245,8105,Frenštát pod Radhoštěm,19541,3851,CZ080,Moravskoslezský kraj,CZ,ČR,782.9691418044113,16,True,0,675.1493118670476,16,True,2,39.59183673469388,30,True,2,1.4264705882352942,20,86
pondělí,2020-12-21,8106,Frýdek-Místek,664,88,38,809,130,66,66,33,2309,8106,Frýdek-Místek,112433,21794,CZ080,Moravskoslezský kraj,CZ,ČR,968.5768413188299,20,True,0,757.0891070936955,16,True,2,28.757037678648768,30,True,2,1.3978947368421053,15,85
pondělí,2020-12-21,8107,Frýdlant nad Ostravicí,151,26,11,176,37,18,21,10,486,8107,Frýdlant nad Ostravicí,24950,5239,CZ080,Moravskoslezský kraj,CZ,ČR,901.8036072144289,16,True,0,801.6797098682955,16,True,2,31.069958847736622,30,True,2,1.7976190476190477,25,91
pondělí,2020-12-21,8108,Havířov,535,105,49,635,137,61,43,28,2063,8108,Havířov,86494,18457,CZ080,Moravskoslezský kraj,CZ,ČR,1046.3153513538512,20,True,0,958.9857506637048,16,True,2,25.933107125545323,25,True,2,1.3860103626943006,15,80
pondělí,2020-12-21,8109,Hlučín,325,34,12,400,50,22,26,11,870,8109,Hlučín,40639,7899,CZ080,Moravskoslezský kraj,CZ,ČR,1382.9080439971456,20,True,0,1025.4462590201292,20,True,2,37.35632183908046,30,True,2,1.4008620689655173,20,94
pondělí,2020-12-21,8110,Jablunkov,84,12,3,102,14,4,6,4,264,8110,Jablunkov,22664,3972,CZ080,Moravskoslezský kraj,CZ,ČR,586.8337451464878,16,True,0,377.6435045317221,13,True,2,31.818181818181817,30,True,2,1.4482758620689655,20,83
pondělí,2020-12-21,8111,Karviná,417,74,28,528,90,37,48,33,1639,8111,Karviná,63614,13403,CZ080,Moravskoslezský kraj,CZ,ČR,1183.7017008834534,20,True,0,880.3999104678057,16,True,2,25.442342892007318,25,True,2,1.1149732620320856,10,75
pondělí,2020-12-21,8112,Kopřivnice,208,38,17,241,43,17,14,16,627,8112,Kopřivnice,40755,7907,CZ080,Moravskoslezský kraj,CZ,ČR,831.7997791682002,16,True,0,758.8212975844189,16,True,2,33.17384370015949,30,True,2,1.3419354838709678,15,81
pondělí,2020-12-21,8113,Kravaře,174,21,6,205,25,7,17,12,443,8113,Kravaře,21356,3656,CZ080,Moravskoslezský kraj,CZ,ČR,1236.1865517887245,20,True,0,820.5689277899343,16,True,2,39.27765237020316,30,True,2,1.7575757575757576,25,95
pondělí,2020-12-21,8114,Krnov,146,27,12,178,35,17,17,10,592,8114,Krnov,39938,8666,CZ080,Moravskoslezský kraj,CZ,ČR,610.9469678000901,16,True,0,530.8100623124856,16,True,2,24.66216216216216,25,True,2,1.4313725490196079,20,81
pondělí,2020-12-21,8115,Nový Jičín,218,29,11,269,45,21,16,12,667,8115,Nový Jičín,48731,9593,CZ080,Moravskoslezský kraj,CZ,ČR,726.4369703063758,16,True,0,542.0619201501095,16,True,2,32.68365817091454,30,True,2,1.3053892215568863,15,81
pondělí,2020-12-21,8116,Odry,109,12,5,140,30,10,18,13,375,8116,Odry,16928,3338,CZ080,Moravskoslezský kraj,CZ,ČR,1146.030245746692,20,True,0,898.7417615338526,16,True,2,29.06666666666667,30,True,2,1.1354166666666667,10,80
pondělí,2020-12-21,8117,Opava,721,111,52,896,142,64,78,61,1997,8117,Opava,100967,20360,CZ080,Moravskoslezský kraj,CZ,ČR,1229.1144631414224,20,True,0,952.8487229862475,16,True,2,36.10415623435153,30,True,2,1.2990990990990992,15,85
pondělí,2020-12-21,8118,Orlová,208,30,9,260,47,21,27,16,816,8118,Orlová,37163,6772,CZ080,Moravskoslezský kraj,CZ,ČR,1092.4844603503484,20,True,0,1402.8352037802717,20,True,2,25.49019607843137,25,True,2,0.9765258215962441,5,74
pondělí,2020-12-21,8119,Ostrava,2405,402,193,2809,492,234,231,158,6617,8119,Ostrava,320145,64634,CZ080,Moravskoslezský kraj,CZ,ČR,1156.351028440238,20,True,0,1042.7948138750503,20,True,2,36.345776031434184,30,True,2,1.5012484394506866,20,94
pondělí,2020-12-21,8120,Rýmařov,60,8,1,66,8,1,8,6,200,8120,Rýmařov,15241,3521,CZ080,Moravskoslezský kraj,CZ,ČR,629.879929138508,16,True,0,397.6143141153081,13,True,2,30.0,30,True,2,1.3043478260869565,15,78
pondělí,2020-12-21,8121,Třinec,406,71,31,488,91,43,34,33,1086,8121,Třinec,54613,11066,CZ080,Moravskoslezský kraj,CZ,ČR,1192.0238770988592,20,True,0,1129.5861196457618,20,True,2,37.38489871086556,30,True,2,1.4657039711191335,20,94
pondělí,2020-12-21,8122,Vítkov,43,6,2,60,8,4,7,5,154,8122,Vítkov,13274,2743,CZ080,Moravskoslezský kraj,CZ,ČR,595.1484104263975,16,False,0,473.93364928909955,13,True,2,27.92207792207792,30,True,2,1.34375,15,78
